contractSymbol,lastTradeDate,strike,lastPrice,bid,ask,change,percentChange,volume,openInterest,impliedVolatility,inTheMoney,contractSize,currency,option_type,expiry,mid,spread
ZS260529C00060000,2026-04-30 14:29:44+00:00,60.0,69.55,0.0,0.0,0.0,0.0,,0,1.0000000000000003e-05,True,REGULAR,USD,call,2026-05-29,0.0,0.0
ZS260529C00075000,2026-04-16 18:58:52+00:00,75.0,59.75,0.0,0.0,0.0,0.0,,0,1.0000000000000003e-05,True,REGULAR,USD,call,2026-05-29,0.0,0.0
ZS260529C00100000,2026-05-14 13:44:36+00:00,100.0,47.78,0.0,0.0,0.0,0.0,,0,1.0000000000000003e-05,True,REGULAR,USD,call,2026-05-29,0.0,0.0
ZS260529C00105000,2026-05-18 13:56:10+00:00,105.0,65.94,0.0,0.0,0.0,0.0,4.0,0,1.0000000000000003e-05,True,REGULAR,USD,call,2026-05-29,0.0,0.0
ZS260529C00110000,2026-04-13 16:43:51+00:00,110.0,19.74,50.55,53.0,0.0,0.0,2.0,3,1.0000000000000003e-05,True,REGULAR,USD,call,2026-05-29,51.775,2.450000000000003
ZS260529C00115000,2026-04-21 14:00:34+00:00,115.0,32.23,0.0,0.0,0.0,0.0,1.0,0,1.0000000000000003e-05,True,REGULAR,USD,call,2026-05-29,0.0,0.0
ZS260529C00116000,2026-04-29 17:44:45+00:00,116.0,22.0,0.0,0.0,0.0,0.0,1.0,0,1.0000000000000003e-05,True,REGULAR,USD,call,2026-05-29,0.0,0.0
ZS260529C00117000,2026-04-21 13:53:22+00:00,117.0,28.95,0.0,0.0,0.0,0.0,1.0,0,1.0000000000000003e-05,True,REGULAR,USD,call,2026-05-29,0.0,0.0
ZS260529C00118000,2026-05-04 17:50:37+00:00,118.0,28.25,0.0,0.0,0.0,0.0,5.0,0,1.0000000000000003e-05,True,REGULAR,USD,call,2026-05-29,0.0,0.0
ZS260529C00120000,2026-04-16 13:44:52+00:00,120.0,23.4,0.0,0.0,0.0,0.0,3.0,0,1.0000000000000003e-05,True,REGULAR,USD,call,2026-05-29,0.0,0.0
ZS260529C00121000,2026-05-15 19:47:00+00:00,121.0,41.17,0.0,0.0,0.0,0.0,1.0,0,1.0000000000000003e-05,True,REGULAR,USD,call,2026-05-29,0.0,0.0
ZS260529C00123000,2026-04-15 16:53:01+00:00,123.0,17.0,38.3,40.8,0.0,0.0,,1,1.0000000000000003e-05,True,REGULAR,USD,call,2026-05-29,39.55,2.5
ZS260529C00124000,2026-05-13 19:33:49+00:00,124.0,31.5,0.0,0.0,0.0,0.0,,0,1.0000000000000003e-05,True,REGULAR,USD,call,2026-05-29,0.0,0.0
ZS260529C00125000,2026-05-18 14:12:36+00:00,125.0,48.05,0.0,0.0,0.0,0.0,10.0,0,1.0000000000000003e-05,True,REGULAR,USD,call,2026-05-29,0.0,0.0
ZS260529C00126000,2026-05-13 14:55:14+00:00,126.0,22.91,0.0,0.0,0.0,0.0,1.0,0,1.0000000000000003e-05,True,REGULAR,USD,call,2026-05-29,0.0,0.0
ZS260529C00127000,2026-04-24 14:32:01+00:00,127.0,13.65,0.0,0.0,0.0,0.0,1.0,0,1.0000000000000003e-05,True,REGULAR,USD,call,2026-05-29,0.0,0.0
ZS260529C00128000,2026-05-13 14:45:48+00:00,128.0,21.41,0.0,0.0,0.0,0.0,18.0,0,1.0000000000000003e-05,True,REGULAR,USD,call,2026-05-29,0.0,0.0
ZS260529C00129000,2026-05-18 17:13:07+00:00,129.0,47.9,0.0,0.0,0.0,0.0,10.0,0,1.0000000000000003e-05,True,REGULAR,USD,call,2026-05-29,0.0,0.0
ZS260529C00130000,2026-05-20 17:54:41+00:00,130.0,44.25,0.0,0.0,0.0,0.0,3.0,0,1.0000000000000003e-05,True,REGULAR,USD,call,2026-05-29,0.0,0.0
ZS260529C00131000,2026-05-18 17:24:35+00:00,131.0,45.08,0.0,0.0,0.0,0.0,11.0,0,1.0000000000000003e-05,True,REGULAR,USD,call,2026-05-29,0.0,0.0
ZS260529C00132000,2026-05-18 19:42:58+00:00,132.0,44.73,0.0,0.0,0.0,0.0,2.0,0,1.0000000000000003e-05,True,REGULAR,USD,call,2026-05-29,0.0,0.0
ZS260529C00133000,2026-05-18 16:46:02+00:00,133.0,42.0,0.0,0.0,0.0,0.0,1.0,0,1.0000000000000003e-05,True,REGULAR,USD,call,2026-05-29,0.0,0.0
ZS260529C00134000,2026-05-19 18:15:53+00:00,134.0,43.23,0.0,0.0,0.0,0.0,1.0,0,1.0000000000000003e-05,True,REGULAR,USD,call,2026-05-29,0.0,0.0
ZS260529C00135000,2026-05-20 19:02:58+00:00,135.0,39.9,0.0,0.0,0.0,0.0,6.0,0,1.0000000000000003e-05,True,REGULAR,USD,call,2026-05-29,0.0,0.0
ZS260529C00136000,2026-05-19 16:56:17+00:00,136.0,40.5,0.0,0.0,0.0,0.0,2.0,0,1.0000000000000003e-05,True,REGULAR,USD,call,2026-05-29,0.0,0.0
ZS260529C00137000,2026-05-20 18:12:11+00:00,137.0,38.3,0.0,0.0,0.0,0.0,1.0,0,1.0000000000000003e-05,True,REGULAR,USD,call,2026-05-29,0.0,0.0
ZS260529C00138000,2026-05-18 18:57:44+00:00,138.0,38.8,0.0,0.0,0.0,0.0,1.0,0,1.0000000000000003e-05,True,REGULAR,USD,call,2026-05-29,0.0,0.0
ZS260529C00139000,2026-05-14 16:11:09+00:00,139.0,23.22,0.0,0.0,0.0,0.0,1.0,0,1.0000000000000003e-05,True,REGULAR,USD,call,2026-05-29,0.0,0.0
ZS260529C00140000,2026-05-18 18:50:56+00:00,140.0,38.48,0.0,0.0,0.0,0.0,10.0,0,1.0000000000000003e-05,True,REGULAR,USD,call,2026-05-29,0.0,0.0
ZS260529C00141000,2026-05-13 18:12:31+00:00,141.0,15.85,0.0,0.0,0.0,0.0,2.0,0,1.0000000000000003e-05,True,REGULAR,USD,call,2026-05-29,0.0,0.0
ZS260529C00142000,2026-05-18 13:40:16+00:00,142.0,27.91,0.0,0.0,0.0,0.0,2.0,0,1.0000000000000003e-05,True,REGULAR,USD,call,2026-05-29,0.0,0.0
ZS260529C00143000,2026-05-14 13:37:26+00:00,143.0,15.95,0.0,0.0,0.0,0.0,3.0,0,1.0000000000000003e-05,True,REGULAR,USD,call,2026-05-29,0.0,0.0
ZS260529C00144000,2026-05-11 17:59:31+00:00,144.0,13.8,0.0,0.0,0.0,0.0,3.0,0,1.0000000000000003e-05,True,REGULAR,USD,call,2026-05-29,0.0,0.0
ZS260529C00145000,2026-05-21 14:18:13+00:00,145.0,29.1,0.0,0.0,0.0,0.0,7.0,0,1.0000000000000003e-05,True,REGULAR,USD,call,2026-05-29,0.0,0.0
ZS260529C00146000,2026-05-19 15:55:05+00:00,146.0,32.72,0.0,0.0,0.0,0.0,1.0,0,1.0000000000000003e-05,True,REGULAR,USD,call,2026-05-29,0.0,0.0
ZS260529C00147000,2026-05-21 14:05:04+00:00,147.0,26.86,0.0,0.0,0.0,0.0,2.0,0,1.0000000000000003e-05,True,REGULAR,USD,call,2026-05-29,0.0,0.0
ZS260529C00148000,2026-05-21 14:05:04+00:00,148.0,26.11,0.0,0.0,0.0,0.0,1.0,0,1.0000000000000003e-05,True,REGULAR,USD,call,2026-05-29,0.0,0.0
ZS260529C00149000,2026-05-18 13:34:48+00:00,149.0,22.35,0.0,0.0,0.0,0.0,2.0,0,1.0000000000000003e-05,True,REGULAR,USD,call,2026-05-29,0.0,0.0
ZS260529C00150000,2026-05-21 19:50:07+00:00,150.0,24.75,0.0,0.0,0.0,0.0,31.0,0,1.0000000000000003e-05,True,REGULAR,USD,call,2026-05-29,0.0,0.0
ZS260529C00152500,2026-05-21 16:44:49+00:00,152.5,22.65,0.0,0.0,0.0,0.0,2.0,0,1.0000000000000003e-05,True,REGULAR,USD,call,2026-05-29,0.0,0.0
ZS260529C00155000,2026-05-20 19:37:30+00:00,155.0,24.2,0.0,0.0,0.0,0.0,5.0,0,1.0000000000000003e-05,True,REGULAR,USD,call,2026-05-29,0.0,0.0
ZS260529C00157500,2026-05-21 19:41:42+00:00,157.5,18.53,0.0,0.0,0.0,0.0,12.0,0,1.0000000000000003e-05,True,REGULAR,USD,call,2026-05-29,0.0,0.0
ZS260529C00160000,2026-05-21 19:42:20+00:00,160.0,16.72,0.0,0.0,0.0,0.0,16.0,0,1.0000000000000003e-05,True,REGULAR,USD,call,2026-05-29,0.0,0.0
ZS260529C00162500,2026-05-21 15:00:04+00:00,162.5,17.39,0.0,0.0,0.0,0.0,26.0,0,1.0000000000000003e-05,True,REGULAR,USD,call,2026-05-29,0.0,0.0
ZS260529C00165000,2026-05-21 19:11:29+00:00,165.0,14.33,0.0,0.0,0.0,0.0,45.0,0,1.0000000000000003e-05,True,REGULAR,USD,call,2026-05-29,0.0,0.0
ZS260529C00167500,2026-05-21 19:54:57+00:00,167.5,13.35,0.0,0.0,0.0,0.0,4.0,0,1.0000000000000003e-05,True,REGULAR,USD,call,2026-05-29,0.0,0.0
ZS260529C00170000,2026-05-21 19:58:05+00:00,170.0,12.25,0.0,0.0,0.0,0.0,163.0,0,1.0000000000000003e-05,True,REGULAR,USD,call,2026-05-29,0.0,0.0
ZS260529C00172500,2026-05-21 19:38:30+00:00,172.5,10.55,0.0,0.0,0.0,0.0,25.0,0,0.015634843750000002,False,REGULAR,USD,call,2026-05-29,0.0,0.0
ZS260529C00175000,2026-05-21 19:55:01+00:00,175.0,9.68,0.0,0.0,0.0,0.0,16.0,0,0.0312596875,False,REGULAR,USD,call,2026-05-29,0.0,0.0
ZS260529C00177500,2026-05-21 19:30:27+00:00,177.5,8.45,0.0,0.0,0.0,0.0,25.0,0,0.062509375,False,REGULAR,USD,call,2026-05-29,0.0,0.0
ZS260529C00180000,2026-05-21 19:58:15+00:00,180.0,8.15,0.0,0.0,0.0,0.0,43.0,0,0.062509375,False,REGULAR,USD,call,2026-05-29,0.0,0.0
ZS260529C00185000,2026-05-21 19:48:35+00:00,185.0,6.55,0.0,0.0,0.0,0.0,105.0,0,0.12500875,False,REGULAR,USD,call,2026-05-29,0.0,0.0
ZS260529C00190000,2026-05-21 19:59:34+00:00,190.0,5.57,0.0,0.0,0.0,0.0,75.0,0,0.12500875,False,REGULAR,USD,call,2026-05-29,0.0,0.0
ZS260529C00192500,2026-05-21 16:06:58+00:00,192.5,4.75,0.0,0.0,0.0,0.0,3.0,0,0.12500875,False,REGULAR,USD,call,2026-05-29,0.0,0.0
ZS260529C00195000,2026-05-21 19:50:07+00:00,195.0,4.25,0.0,0.0,0.0,0.0,68.0,0,0.2500075,False,REGULAR,USD,call,2026-05-29,0.0,0.0
ZS260529C00200000,2026-05-21 19:55:46+00:00,200.0,3.33,0.0,0.0,0.0,0.0,304.0,0,0.2500075,False,REGULAR,USD,call,2026-05-29,0.0,0.0
ZS260529C00202500,2026-05-21 19:46:55+00:00,202.5,2.41,0.0,0.0,0.0,0.0,7.0,0,0.2500075,False,REGULAR,USD,call,2026-05-29,0.0,0.0
ZS260529C00205000,2026-05-21 17:02:25+00:00,205.0,2.54,0.0,0.0,0.0,0.0,1.0,0,0.2500075,False,REGULAR,USD,call,2026-05-29,0.0,0.0
ZS260529C00210000,2026-05-21 18:56:38+00:00,210.0,2.0,0.0,0.0,0.0,0.0,19.0,0,0.2500075,False,REGULAR,USD,call,2026-05-29,0.0,0.0
ZS260529C00220000,2026-05-21 19:54:16+00:00,220.0,1.55,0.0,0.0,0.0,0.0,70.0,0,0.2500075,False,REGULAR,USD,call,2026-05-29,0.0,0.0
ZS260529C00230000,2026-05-21 19:06:56+00:00,230.0,0.79,0.0,0.0,0.0,0.0,180.0,0,0.500005,False,REGULAR,USD,call,2026-05-29,0.0,0.0
ZS260529P00060000,2026-04-15 17:06:17+00:00,60.0,0.2,0.0,2.13,0.0,0.0,,1,4.134770456542969,False,REGULAR,USD,put,2026-05-29,1.065,2.13
ZS260529P00065000,2026-04-20 18:05:24+00:00,65.0,0.22,0.0,0.0,0.0,0.0,26.0,0,0.500005,False,REGULAR,USD,put,2026-05-29,0.0,0.0
ZS260529P00070000,2026-04-20 18:07:17+00:00,70.0,0.31,0.0,0.0,0.0,0.0,74.0,0,0.500005,False,REGULAR,USD,put,2026-05-29,0.0,0.0
ZS260529P00075000,2026-05-11 16:49:38+00:00,75.0,0.09,0.0,0.0,0.0,0.0,4.0,0,0.500005,False,REGULAR,USD,put,2026-05-29,0.0,0.0
ZS260529P00080000,2026-05-14 16:50:43+00:00,80.0,0.03,0.0,0.0,0.0,0.0,1.0,0,0.500005,False,REGULAR,USD,put,2026-05-29,0.0,0.0
ZS260529P00085000,2026-05-12 15:37:17+00:00,85.0,0.14,0.0,0.0,0.0,0.0,2.0,0,0.500005,False,REGULAR,USD,put,2026-05-29,0.0,0.0
ZS260529P00090000,2026-05-14 16:45:13+00:00,90.0,0.15,0.0,0.0,0.0,0.0,2.0,0,0.500005,False,REGULAR,USD,put,2026-05-29,0.0,0.0
ZS260529P00095000,2026-05-14 15:22:15+00:00,95.0,0.15,0.0,0.0,0.0,0.0,17.0,0,0.500005,False,REGULAR,USD,put,2026-05-29,0.0,0.0
ZS260529P00100000,2026-05-20 19:56:49+00:00,100.0,0.05,0.0,0.0,0.0,0.0,2.0,0,0.500005,False,REGULAR,USD,put,2026-05-29,0.0,0.0
ZS260529P00105000,2026-05-21 19:14:23+00:00,105.0,0.04,0.0,0.0,0.0,0.0,20.0,0,0.500005,False,REGULAR,USD,put,2026-05-29,0.0,0.0
ZS260529P00110000,2026-05-21 15:42:21+00:00,110.0,0.13,0.0,0.0,0.0,0.0,4.0,0,0.500005,False,REGULAR,USD,put,2026-05-29,0.0,0.0
ZS260529P00111000,2026-05-21 19:16:36+00:00,111.0,0.09,0.0,0.0,0.0,0.0,32.0,0,0.500005,False,REGULAR,USD,put,2026-05-29,0.0,0.0
ZS260529P00112000,2026-05-14 15:22:44+00:00,112.0,0.77,0.0,0.0,0.0,0.0,10.0,0,0.500005,False,REGULAR,USD,put,2026-05-29,0.0,0.0
ZS260529P00113000,2026-05-20 13:41:46+00:00,113.0,0.24,0.0,0.0,0.0,0.0,1.0,0,0.500005,False,REGULAR,USD,put,2026-05-29,0.0,0.0
ZS260529P00114000,2026-05-15 16:31:38+00:00,114.0,0.6,0.0,0.0,0.0,0.0,5.0,0,0.500005,False,REGULAR,USD,put,2026-05-29,0.0,0.0
ZS260529P00115000,2026-05-21 18:24:32+00:00,115.0,0.28,0.0,0.0,0.0,0.0,4.0,0,0.500005,False,REGULAR,USD,put,2026-05-29,0.0,0.0
ZS260529P00116000,2026-05-21 19:44:36+00:00,116.0,0.13,0.0,0.0,0.0,0.0,18.0,0,0.500005,False,REGULAR,USD,put,2026-05-29,0.0,0.0
ZS260529P00117000,2026-05-20 19:07:07+00:00,117.0,0.19,0.0,0.0,0.0,0.0,8.0,0,0.500005,False,REGULAR,USD,put,2026-05-29,0.0,0.0
ZS260529P00118000,2026-05-21 19:25:46+00:00,118.0,0.19,0.0,0.0,0.0,0.0,1.0,0,0.500005,False,REGULAR,USD,put,2026-05-29,0.0,0.0
ZS260529P00119000,2026-05-20 13:50:38+00:00,119.0,0.35,0.0,0.0,0.0,0.0,1.0,0,0.500005,False,REGULAR,USD,put,2026-05-29,0.0,0.0
ZS260529P00120000,2026-05-21 19:56:48+00:00,120.0,0.26,0.0,0.0,0.0,0.0,20.0,0,0.500005,False,REGULAR,USD,put,2026-05-29,0.0,0.0
ZS260529P00121000,2026-05-21 15:34:55+00:00,121.0,0.31,0.0,0.0,0.0,0.0,2.0,0,0.500005,False,REGULAR,USD,put,2026-05-29,0.0,0.0
ZS260529P00122000,2026-05-20 17:02:34+00:00,122.0,0.4,0.0,0.0,0.0,0.0,4.0,0,0.500005,False,REGULAR,USD,put,2026-05-29,0.0,0.0
ZS260529P00123000,2026-05-21 17:44:50+00:00,123.0,0.3,0.0,0.0,0.0,0.0,14.0,0,0.500005,False,REGULAR,USD,put,2026-05-29,0.0,0.0
ZS260529P00124000,2026-05-21 19:11:05+00:00,124.0,0.29,0.0,0.0,0.0,0.0,12.0,0,0.500005,False,REGULAR,USD,put,2026-05-29,0.0,0.0
ZS260529P00125000,2026-05-21 17:48:00+00:00,125.0,0.4,0.0,0.0,0.0,0.0,14.0,0,0.500005,False,REGULAR,USD,put,2026-05-29,0.0,0.0
ZS260529P00126000,2026-05-21 14:51:27+00:00,126.0,0.46,0.0,0.0,0.0,0.0,1.0,0,0.500005,False,REGULAR,USD,put,2026-05-29,0.0,0.0
ZS260529P00127000,2026-05-20 17:01:20+00:00,127.0,0.66,0.0,0.0,0.0,0.0,23.0,0,0.500005,False,REGULAR,USD,put,2026-05-29,0.0,0.0
ZS260529P00128000,2026-05-21 17:20:04+00:00,128.0,0.53,0.0,0.0,0.0,0.0,3.0,0,0.500005,False,REGULAR,USD,put,2026-05-29,0.0,0.0
ZS260529P00129000,2026-05-19 16:46:28+00:00,129.0,0.85,0.0,0.0,0.0,0.0,2.0,0,0.500005,False,REGULAR,USD,put,2026-05-29,0.0,0.0
ZS260529P00130000,2026-05-21 18:27:46+00:00,130.0,0.64,0.0,0.0,0.0,0.0,53.0,0,0.500005,False,REGULAR,USD,put,2026-05-29,0.0,0.0
ZS260529P00131000,2026-05-21 13:38:33+00:00,131.0,0.87,0.0,0.0,0.0,0.0,5.0,0,0.500005,False,REGULAR,USD,put,2026-05-29,0.0,0.0
ZS260529P00132000,2026-05-21 18:54:08+00:00,132.0,0.82,0.0,0.0,0.0,0.0,3.0,0,0.500005,False,REGULAR,USD,put,2026-05-29,0.0,0.0
ZS260529P00133000,2026-05-21 15:35:42+00:00,133.0,1.0,0.0,0.0,0.0,0.0,9.0,0,0.500005,False,REGULAR,USD,put,2026-05-29,0.0,0.0
ZS260529P00134000,2026-05-21 17:43:17+00:00,134.0,0.97,0.0,0.0,0.0,0.0,13.0,0,0.2500075,False,REGULAR,USD,put,2026-05-29,0.0,0.0
ZS260529P00135000,2026-05-21 19:56:48+00:00,135.0,1.06,0.0,0.0,0.0,0.0,88.0,0,0.2500075,False,REGULAR,USD,put,2026-05-29,0.0,0.0
ZS260529P00136000,2026-05-21 19:23:30+00:00,136.0,1.27,0.0,0.0,0.0,0.0,18.0,0,0.2500075,False,REGULAR,USD,put,2026-05-29,0.0,0.0
ZS260529P00137000,2026-05-21 19:21:45+00:00,137.0,1.3,0.0,0.0,0.0,0.0,7.0,0,0.2500075,False,REGULAR,USD,put,2026-05-29,0.0,0.0
ZS260529P00138000,2026-05-21 18:47:55+00:00,138.0,1.47,0.0,0.0,0.0,0.0,5.0,0,0.2500075,False,REGULAR,USD,put,2026-05-29,0.0,0.0
ZS260529P00139000,2026-05-21 19:31:33+00:00,139.0,1.67,0.0,0.0,0.0,0.0,7.0,0,0.2500075,False,REGULAR,USD,put,2026-05-29,0.0,0.0
ZS260529P00140000,2026-05-21 19:24:41+00:00,140.0,1.83,0.0,0.0,0.0,0.0,36.0,0,0.2500075,False,REGULAR,USD,put,2026-05-29,0.0,0.0
ZS260529P00141000,2026-05-20 14:04:59+00:00,141.0,2.32,0.0,0.0,0.0,0.0,3.0,0,0.2500075,False,REGULAR,USD,put,2026-05-29,0.0,0.0
ZS260529P00142000,2026-05-21 18:01:17+00:00,142.0,2.05,0.0,0.0,0.0,0.0,5.0,0,0.2500075,False,REGULAR,USD,put,2026-05-29,0.0,0.0
ZS260529P00143000,2026-05-21 13:44:32+00:00,143.0,2.5,0.0,0.0,0.0,0.0,1.0,0,0.2500075,False,REGULAR,USD,put,2026-05-29,0.0,0.0
ZS260529P00144000,2026-05-21 18:49:47+00:00,144.0,2.3,0.0,0.0,0.0,0.0,1.0,0,0.2500075,False,REGULAR,USD,put,2026-05-29,0.0,0.0
ZS260529P00145000,2026-05-21 19:50:16+00:00,145.0,2.4,0.0,0.0,0.0,0.0,18.0,0,0.2500075,False,REGULAR,USD,put,2026-05-29,0.0,0.0
ZS260529P00146000,2026-05-21 13:59:11+00:00,146.0,3.25,0.0,0.0,0.0,0.0,1.0,0,0.2500075,False,REGULAR,USD,put,2026-05-29,0.0,0.0
ZS260529P00147000,2026-05-21 18:11:19+00:00,147.0,3.11,0.0,0.0,0.0,0.0,3.0,0,0.2500075,False,REGULAR,USD,put,2026-05-29,0.0,0.0
ZS260529P00148000,2026-05-21 18:11:19+00:00,148.0,3.21,0.0,0.0,0.0,0.0,6.0,0,0.2500075,False,REGULAR,USD,put,2026-05-29,0.0,0.0
ZS260529P00149000,2026-05-21 19:12:04+00:00,149.0,3.68,0.0,0.0,0.0,0.0,4.0,0,0.2500075,False,REGULAR,USD,put,2026-05-29,0.0,0.0
ZS260529P00150000,2026-05-21 19:56:56+00:00,150.0,3.55,0.0,0.0,0.0,0.0,58.0,0,0.2500075,False,REGULAR,USD,put,2026-05-29,0.0,0.0
ZS260529P00152500,2026-05-21 18:18:00+00:00,152.5,4.4,0.0,0.0,0.0,0.0,3.0,0,0.12500875,False,REGULAR,USD,put,2026-05-29,0.0,0.0
ZS260529P00155000,2026-05-21 19:49:43+00:00,155.0,5.26,0.0,0.0,0.0,0.0,12.0,0,0.12500875,False,REGULAR,USD,put,2026-05-29,0.0,0.0
ZS260529P00157500,2026-05-21 18:50:08+00:00,157.5,5.87,0.0,0.0,0.0,0.0,1.0,0,0.12500875,False,REGULAR,USD,put,2026-05-29,0.0,0.0
ZS260529P00160000,2026-05-21 19:46:41+00:00,160.0,7.0,0.0,0.0,0.0,0.0,20.0,0,0.12500875,False,REGULAR,USD,put,2026-05-29,0.0,0.0
ZS260529P00165000,2026-05-21 18:02:35+00:00,165.0,9.3,0.0,0.0,0.0,0.0,8.0,0,0.062509375,False,REGULAR,USD,put,2026-05-29,0.0,0.0
ZS260529P00167500,2026-05-21 19:28:39+00:00,167.5,10.96,0.0,0.0,0.0,0.0,7.0,0,0.0312596875,False,REGULAR,USD,put,2026-05-29,0.0,0.0
ZS260529P00170000,2026-05-21 17:35:51+00:00,170.0,11.9,0.0,0.0,0.0,0.0,59.0,0,0.015634843750000002,False,REGULAR,USD,put,2026-05-29,0.0,0.0
ZS260529P00175000,2026-05-21 19:41:43+00:00,175.0,14.92,0.0,0.0,0.0,0.0,1.0,0,1.0000000000000003e-05,True,REGULAR,USD,put,2026-05-29,0.0,0.0
ZS260529P00180000,2026-05-21 19:37:48+00:00,180.0,18.19,0.0,0.0,0.0,0.0,1.0,0,1.0000000000000003e-05,True,REGULAR,USD,put,2026-05-29,0.0,0.0
ZS260529P00190000,2026-05-19 16:42:27+00:00,190.0,22.6,0.0,0.0,0.0,0.0,10.0,0,1.0000000000000003e-05,True,REGULAR,USD,put,2026-05-29,0.0,0.0
ZS260529P00200000,2026-05-21 13:35:17+00:00,200.0,30.87,0.0,0.0,0.0,0.0,10.0,0,1.0000000000000003e-05,True,REGULAR,USD,put,2026-05-29,0.0,0.0
